{
  "goodbye": {
    "precision": 0.7142857142857143,
    "recall": 0.9090909090909091,
    "f1-score": 0.8,
    "support": 11,
    "confused_with": {
      "greet": 1
    }
  },
  "reject": {
    "precision": 0.78125,
    "recall": 0.8620689655172413,
    "f1-score": 0.8196721311475409,
    "support": 29,
    "confused_with": {
      "accept": 2,
      "repeat": 1
    }
  },
  "accept": {
    "precision": 0.5106382978723404,
    "recall": 0.7741935483870968,
    "f1-score": 0.6153846153846153,
    "support": 31,
    "confused_with": {
      "reject": 4,
      "repeat": 3
    }
  },
  "chitchat": {
    "precision": 0.0,
    "recall": 0.0,
    "f1-score": 0.0,
    "support": 37,
    "confused_with": {
      "accept": 20,
      "repeat": 14,
      "goodbye": 3
    }
  },
  "repeat": {
    "precision": 0.5263157894736842,
    "recall": 1.0,
    "f1-score": 0.6896551724137931,
    "support": 20,
    "confused_with": {}
  },
  "greet": {
    "precision": 0.9655172413793104,
    "recall": 0.875,
    "f1-score": 0.9180327868852458,
    "support": 32,
    "confused_with": {
      "reject": 3,
      "accept": 1
    }
  },
  "micro avg": {
    "precision": 0.66875,
    "recall": 0.66875,
    "f1-score": 0.66875,
    "support": 160
  },
  "macro avg": {
    "precision": 0.5830011738351749,
    "recall": 0.7367255704992078,
    "f1-score": 0.6404574509718658,
    "support": 160
  },
  "weighted avg": {
    "precision": 0.5485377975299814,
    "recall": 0.66875,
    "f1-score": 0.5926097969300343,
    "support": 160
  }
}